[1,["69r2Zw0H5PzrHU9onXxl4L"],0,[["sp.SkeletonData",["_name","_atlasText","textureNames","_skeletonJson","textures"],-1,3]],[[0,0,1,2,3,4,5]],[[0,"hd88","\nhd88.png\nsize: 4096,1024\nformat: RGBA8888\nfilter: Linear,Linear\nrepeat: none\n88\n  rotate: false\n  xy: 1229, 322\n  size: 348, 266\n  orig: 348, 266\n  offset: 0, 0\n  index: -1\n88_1\n  rotate: false\n  xy: 2462, 739\n  size: 361, 278\n  orig: 361, 278\n  offset: 0, 0\n  index: -1\n88_2\n  rotate: false\n  xy: 2825, 751\n  size: 348, 266\n  orig: 348, 266\n  offset: 0, 0\n  index: -1\nAS\n  rotate: false\n  xy: 2, 157\n  size: 860, 860\n  orig: 860, 860\n  offset: 0, 0\n  index: -1\nAS1\n  rotate: false\n  xy: 1793, 350\n  size: 667, 667\n  orig: 667, 667\n  offset: 0, 0\n  index: -1\nBanner\n  rotate: false\n  xy: 864, 590\n  size: 927, 427\n  orig: 927, 427\n  offset: 0, 0\n  index: -1\nCoin1\n  rotate: true\n  xy: 3989, 898\n  size: 119, 100\n  orig: 119, 100\n  offset: 0, 0\n  index: -1\nCoin2\n  rotate: true\n  xy: 3774, 746\n  size: 122, 123\n  orig: 122, 123\n  offset: 0, 0\n  index: -1\nD\n  rotate: false\n  xy: 2462, 425\n  size: 325, 312\n  orig: 325, 312\n  offset: 0, 0\n  index: -1\nD2\n  rotate: false\n  xy: 3494, 752\n  size: 278, 265\n  orig: 278, 265\n  offset: 0, 0\n  index: -1\nH\n  rotate: false\n  xy: 864, 279\n  size: 363, 309\n  orig: 363, 309\n  offset: 0, 0\n  index: -1\nH2\n  rotate: false\n  xy: 3175, 756\n  size: 317, 261\n  orig: 317, 261\n  offset: 0, 0\n  index: -1\nTiasang\n  rotate: false\n  xy: 1105, 194\n  size: 90, 83\n  orig: 90, 83\n  offset: 0, 0\n  index: -1\nTien1\n  rotate: false\n  xy: 2, 2\n  size: 348, 153\n  orig: 348, 153\n  offset: 0, 0\n  index: -1\nTien2\n  rotate: false\n  xy: 864, 161\n  size: 239, 116\n  orig: 239, 116\n  offset: 0, 0\n  index: -1\nTien3\n  rotate: false\n  xy: 864, 161\n  size: 239, 116\n  orig: 239, 116\n  offset: 0, 0\n  index: -1\nVuongniem\n  rotate: true\n  xy: 1579, 347\n  size: 241, 144\n  orig: 241, 144\n  offset: 0, 0\n  index: -1\nach bich\n  rotate: false\n  xy: 352, 39\n  size: 156, 116\n  orig: 156, 116\n  offset: 0, 0\n  index: -1\nach co\n  rotate: false\n  xy: 510, 64\n  size: 128, 91\n  orig: 128, 91\n  offset: 0, 0\n  index: -1\nxx\n  rotate: false\n  xy: 3774, 870\n  size: 213, 147\n  orig: 213, 147\n  offset: 0, 0\n  index: -1\n",["hd88.png"],{"skeleton":{"hash":"cPGtEmXRKu9cu4bHhq89est67MY","spine":"3.7.94","width":1893,"height":1719,"images":"./images/","audio":"C:/Users/THIEN/Desktop/GameBai/Typo"},"bones":[{"name":"root"},{"name":"bone","parent":"root","x":-2.51,"y":50.36},{"name":"AS","parent":"bone","x":74.79,"y":467.22},{"name":"AS1","parent":"bone","x":54.7,"y":482.29},{"name":"H","parent":"bone","x":-544.89,"y":477.09},{"name":"D2","parent":"bone","x":-40.18,"y":472.07},{"name":"88_1","parent":"bone","x":568.93,"y":436.11},{"name":"xx","parent":"bone","x":139.99,"y":245.97},{"name":"ach co","parent":"bone","length":58.04,"rotation":-49.64,"x":436.27,"y":38.13},{"name":"ach bich","parent":"bone","length":71.3,"rotation":-150.26,"x":-695.77,"y":60.24},{"name":"Coin1","parent":"bone","length":42.53,"rotation":-27.9,"x":781.18,"y":49.19},{"name":"Coin2","parent":"bone","length":37.5,"rotation":32.91,"x":726.24,"y":751.91},{"name":"Vuongniem","parent":"bone","length":47.87,"rotation":99.46,"x":70.47,"y":794.26},{"name":"bone2","parent":"bone","x":70.48,"y":727.14},{"name":"Tien1","parent":"bone2","length":31.32,"rotation":90,"x":417.6,"y":-5.22},{"name":"Tien2","parent":"bone2","length":40.06,"rotation":92.49,"x":-349.74,"y":19.14},{"name":"Tien3","parent":"bone2","length":27.89,"rotation":86.42,"x":-528.96,"y":-43.5},{"name":"Tiasang","parent":"bone2","length":17.01,"rotation":83.42,"x":-5.56,"y":174.54},{"name":"Banner","parent":"bone","length":45.05,"rotation":85.91,"x":4.48,"y":416.06},{"name":"Tiasang2","parent":"bone","length":17.01,"rotation":83.42,"x":208.2,"y":710.4},{"name":"Tiasang3","parent":"H","length":17.01,"rotation":83.42,"x":191.43,"y":49.61},{"name":"Tiasang4","parent":"xx","length":17.01,"rotation":83.42,"x":29.95,"y":-53.1}],"slots":[{"name":"AS","bone":"AS","attachment":"AS"},{"name":"AS1","bone":"AS1","attachment":"AS1","blend":"additive"},{"name":"Tien1","bone":"Tien1","attachment":"Tien1"},{"name":"Tien2","bone":"Tien2","attachment":"Tien2"},{"name":"Tien3","bone":"Tien3","attachment":"Tien3"},{"name":"Vuongniem","bone":"Vuongniem","attachment":"Vuongniem"},{"name":"Banner","bone":"Banner","attachment":"Banner"},{"name":"ach co","bone":"ach co","attachment":"ach co"},{"name":"ach bich","bone":"ach bich","attachment":"ach bich"},{"name":"H","bone":"H","attachment":"H"},{"name":"H2","bone":"H","blend":"additive"},{"name":"D","bone":"D2","attachment":"D"},{"name":"D2","bone":"D2","blend":"additive"},{"name":"88_1","bone":"88_1","attachment":"88_1"},{"name":"88","bone":"88_1","blend":"additive"},{"name":"xx","bone":"xx","attachment":"xx"},{"name":"Coin1","bone":"Coin1","attachment":"Coin1"},{"name":"Coin2","bone":"Coin2","attachment":"Coin2"},{"name":"Tiasang","bone":"Tiasang","attachment":"Tiasang"},{"name":"Tiasang2","bone":"Tiasang2","attachment":"Tiasang"},{"name":"Tiasang3","bone":"Tiasang3","attachment":"Tiasang"},{"name":"Tiasang4","bone":"Tiasang4","attachment":"Tiasang"},{"name":"88_2","bone":"88_1","blend":"additive"}],"skins":{"default":{"88":{"88":{"x":-6.88,"y":-0.92,"width":696,"height":531}},"88_1":{"88_1":{"x":1.62,"y":2.58,"width":721,"height":556}},"88_2":{"88_2":{"x":-8.44,"y":-1.33,"width":696,"height":531}},"AS":{"AS":{"x":-32.24,"y":6.97,"width":1719,"height":1719}},"AS1":{"AS1":{"x":-12.16,"y":-8.1,"width":1333,"height":1333}},"Banner":{"Banner":{"x":-73.96,"y":-43.45,"rotation":-85.91,"width":1853,"height":853}},"Coin1":{"Coin1":{"x":-2.93,"y":-23.61,"rotation":27.9,"width":237,"height":200}},"Coin2":{"Coin2":{"x":-25.3,"y":-6.52,"rotation":-32.91,"width":243,"height":246}},"D":{"D":{"x":-15.28,"y":-14.87,"width":649,"height":623}},"D2":{"D2":{"x":-23.78,"y":11.13,"width":556,"height":529}},"H":{"H":{"x":-16.07,"y":-20.9,"width":726,"height":617}},"H2":{"H2":{"x":-24.07,"y":5.6,"width":634,"height":522}},"Tiasang":{"Tiasang":{"x":2.63,"y":-2.42,"rotation":-83.42,"width":180,"height":166}},"Tiasang2":{"Tiasang":{"x":2.63,"y":-2.42,"rotation":-83.42,"width":180,"height":166}},"Tiasang3":{"Tiasang":{"x":3.4,"y":-2.27,"rotation":-83.42,"width":180,"height":166}},"Tiasang4":{"Tiasang":{"x":5.4,"y":-2.79,"rotation":-83.42,"width":180,"height":166}},"Tien1":{"Tien1":{"x":10.27,"y":6.03,"rotation":-90,"width":696,"height":305}},"Tien2":{"Tien2":{"x":22.81,"y":8.71,"rotation":-92.49,"width":478,"height":232}},"Tien3":{"Tien3":{"x":21.3,"y":12.83,"rotation":-86.42,"width":478,"height":232}},"Vuongniem":{"Vuongniem":{"x":76.7,"y":-10.83,"rotation":-99.46,"width":481,"height":288}},"ach bich":{"ach bich":{"x":17.06,"y":5.28,"rotation":150.26,"width":312,"height":231}},"ach co":{"ach co":{"x":18.32,"y":-5.37,"rotation":49.64,"width":256,"height":182}},"xx":{"xx":{"x":-4.95,"y":1.23,"width":426,"height":293}}}},"animations":{"animation":{"slots":{"88":{"color":[{"time":2.6667,"color":"fff49300"},{"time":3,"color":"fff49337"},{"time":3.3333,"color":"fff49300"}],"attachment":[{"time":2.6667,"name":"88"}]},"88_2":{"color":[{"time":3,"color":"fff49300"},{"time":3.3333,"color":"fff49337"},{"time":3.6667,"color":"fff49300"}],"attachment":[{"time":3,"name":"88_2"}]},"D2":{"color":[{"time":2.3333,"color":"ffffff00"},{"time":2.6667,"color":"fff7435f"},{"time":3,"color":"ffffff00"}],"attachment":[{"time":2.3333,"name":"D2"}]},"H2":{"color":[{"time":2,"color":"ffffff00"},{"time":2.3333,"color":"fff7435f"},{"time":2.6667,"color":"ffffff00"}],"attachment":[{"time":2,"name":"H2"}]},"ach bich":{"color":[{"time":0,"color":"ffffff00","curve":"stepped"},{"time":0.8,"color":"ffffff00"},{"time":1,"color":"ffffffff","curve":"stepped"},{"time":1.4667,"color":"ffffffff"},{"time":2.1333,"color":"ffffff00"}]},"ach co":{"color":[{"time":0,"color":"ffffff00","curve":"stepped"},{"time":0.9333,"color":"ffffff00"},{"time":1.2667,"color":"ffffffff","curve":"stepped"},{"time":1.7333,"color":"ffffffff"},{"time":2.4,"color":"ffffff00"}]}},"bones":{"bone":{"translate":[{"time":0,"x":0,"y":0},{"time":1,"x":0,"y":27.83},{"time":2,"x":0,"y":0},{"time":3,"x":0,"y":27.83},{"time":4,"x":0,"y":0}]},"H":{"scale":[{"time":0,"x":1,"y":1},{"time":0.2,"x":1.2,"y":1.2},{"time":0.4,"x":1,"y":1}]},"D2":{"scale":[{"time":0.2,"x":1,"y":1},{"time":0.4,"x":1.2,"y":1.2},{"time":0.6,"x":1,"y":1}]},"xx":{"rotate":[{"time":0.4667,"angle":0},{"time":0.6667,"angle":-180},{"time":0.8667,"angle":0.01}],"scale":[{"time":0.4667,"x":1,"y":1},{"time":0.6667,"x":1.829,"y":1.829},{"time":0.8667,"x":0.881,"y":0.881},{"time":1,"x":1.03,"y":1.03},{"time":1.1333,"x":1,"y":1}]},"88_1":{"scale":[{"time":0.8333,"x":1,"y":1},{"time":0.9,"x":1.35,"y":1.584},{"time":1.0333,"x":0.95,"y":0.95},{"time":1.1667,"x":1.05,"y":1.05},{"time":1.3,"x":1,"y":1}]},"ach bich":{"translate":[{"time":0,"x":109.61,"y":53.53,"curve":"stepped"},{"time":0.8,"x":109.61,"y":53.53},{"time":2.1333,"x":-134.16,"y":-85.76}]},"ach co":{"translate":[{"time":0.9333,"x":0,"y":0},{"time":2.4,"x":197.51,"y":-232.37}]},"Tiasang4":{"rotate":[{"time":0,"angle":0.11,"curve":"stepped"},{"time":2.6667,"angle":0.11},{"time":3,"angle":-87.94},{"time":3.3333,"angle":-179.02}],"scale":[{"time":0,"x":0.01,"y":0.01,"curve":"stepped"},{"time":2.6667,"x":0.01,"y":0.01},{"time":3,"x":-2.711,"y":-2.711},{"time":3.3333,"x":0.01,"y":0.01}]},"Tiasang2":{"rotate":[{"time":0,"angle":0.11},{"time":0.1667,"angle":-87.94},{"time":0.3333,"angle":-179.02},{"time":0.6667,"angle":0.11},{"time":0.8333,"angle":-87.94},{"time":1,"angle":-179.02},{"time":1.3333,"angle":0.11},{"time":1.5,"angle":-87.94},{"time":1.6667,"angle":-179.02}],"scale":[{"time":0,"x":0.01,"y":0.01},{"time":0.1667,"x":-1.41,"y":-1.41},{"time":0.3333,"x":0.01,"y":0.01,"curve":"stepped"},{"time":0.6667,"x":0.01,"y":0.01},{"time":0.8333,"x":-1.41,"y":-1.41},{"time":1,"x":0.01,"y":0.01,"curve":"stepped"},{"time":1.3333,"x":0.01,"y":0.01},{"time":1.5,"x":-1.41,"y":-1.41},{"time":1.6667,"x":0.01,"y":0.01}]},"Tiasang3":{"rotate":[{"time":0,"angle":0.11,"curve":"stepped"},{"time":2.8333,"angle":0.11},{"time":3.1667,"angle":-87.94},{"time":3.5,"angle":-179.02}],"scale":[{"time":0,"x":0.01,"y":0.01,"curve":"stepped"},{"time":2.8333,"x":0.01,"y":0.01},{"time":3.1667,"x":-2.813,"y":-2.813},{"time":3.5,"x":0.01,"y":0.01}]},"Coin2":{"rotate":[{"time":0,"angle":0},{"time":1,"angle":-29.77},{"time":2,"angle":0},{"time":3,"angle":-29.77},{"time":4,"angle":0}],"translate":[{"time":0,"x":0,"y":0},{"time":1,"x":106.2,"y":68.72},{"time":2,"x":0,"y":0},{"time":3,"x":106.2,"y":68.72},{"time":4,"x":0,"y":0}]},"Coin1":{"rotate":[{"time":0,"angle":0},{"time":0.9,"angle":-47.34},{"time":1.8,"angle":0,"curve":"stepped"},{"time":2,"angle":0},{"time":2.9,"angle":-47.34},{"time":3.8,"angle":0}],"translate":[{"time":0,"x":0,"y":0},{"time":0.9,"x":137.14,"y":-57.17},{"time":1.8,"x":0,"y":0,"curve":"stepped"},{"time":2,"x":0,"y":0},{"time":2.9,"x":137.14,"y":-57.17},{"time":3.8,"x":0,"y":0}]},"AS":{"rotate":[{"time":0,"angle":0},{"time":1,"angle":180},{"time":2,"angle":0},{"time":3,"angle":180},{"time":4,"angle":0}]},"AS1":{"scale":[{"time":0,"x":1,"y":1},{"time":1,"x":1.4,"y":1.4},{"time":2,"x":1,"y":1},{"time":3,"x":1.4,"y":1.4},{"time":4,"x":1,"y":1}]},"Tiasang":{"rotate":[{"time":0,"angle":0.11,"curve":"stepped"},{"time":2.8333,"angle":0.11},{"time":3.1667,"angle":-87.94},{"time":3.5,"angle":-179.02}],"scale":[{"time":0,"x":0.01,"y":0.01,"curve":"stepped"},{"time":2.8333,"x":0.01,"y":0.01},{"time":3.1667,"x":-1.708,"y":-1.708},{"time":3.5,"x":0.01,"y":0.01}]},"Vuongniem":{"rotate":[{"time":0.8,"angle":0},{"time":1.0333,"angle":-178.65},{"time":1.2667,"angle":2.03},{"time":1.3333,"angle":0}],"translate":[{"time":0.8,"x":0,"y":0},{"time":1,"x":0,"y":179.19,"curve":"stepped"},{"time":1.0667,"x":0,"y":179.19},{"time":1.2667,"x":0,"y":0}]}}}}},[0]]],0,0,[0],[-1],[0]]